[{"__type__":"cc.SpriteFrame","content":{"name":"bg-5","texture":"d4yP5IcXFHAoEFDKEHaf/Q","rect":[0,0,1560,720],"offset":[0,0],"originalSize":[1560,720],"capInsets":[0,0,0,0]}},{"__type__":"cc.SpriteFrame","content":{"name":"bg-4","texture":"64Q/IIflBFjpECgG4P2R6A","rect":[0,0,1560,720],"offset":[0,0],"originalSize":[1560,720],"capInsets":[0,0,0,0]}},{"__type__":"cc.SpriteFrame","content":{"name":"bg-1","texture":"bblex12kNAkY8qeVpNbY6s","rect":[0,0,1560,720],"offset":[0,0],"originalSize":[1560,720],"capInsets":[0,0,0,0]}},{"__type__":"cc.SpriteFrame","content":{"name":"bg-3","texture":"29BpvqoeREZo0VKN2UzYPg","rect":[0,0,1560,720],"offset":[0,0],"originalSize":[1560,720],"capInsets":[0,0,0,0]}},[{"__type__":"cc.SceneAsset","_name":"StartScene","scene":{"__id__":1},"asyncLoadAssets":null},{"__type__":"cc.Scene","_name":"New Node","_children":[{"__id__":2},{"__id__":8}],"_anchorPoint":{"__type__":"cc.Vec2"},"autoReleaseAssets":false},{"__type__":"cc.Node","_name":"Canvas","_parent":{"__id__":1},"_children":[{"__id__":3},{"__id__":4},{"__id__":6}],"_components":[{"__type__":"cc.Canvas","node":{"__id__":2},"_designResolution":{"__type__":"cc.Size","width":1560,"height":720}},{"__type__":"cc.Widget","node":{"__id__":2},"_alignFlags":45}],"_contentSize":{"__type__":"cc.Size","width":1560,"height":720},"_position":{"__type__":"cc.Vec3","x":780,"y":360},"_id":"a5esZu+45LA5mBpvttspPD"},{"__type__":"cc.Node","_name":"Main Camera","_parent":{"__id__":2},"_components":[{"__type__":"cc.Camera","node":{"__id__":3},"_clearFlags":7,"_depth":-1}],"_contentSize":{"__type__":"cc.Size","width":960,"height":640},"_position":{"__type__":"cc.Vec3","z":394.7235590131994}},{"__type__":"cc.Node","_name":"BG","_parent":{"__id__":2},"_level":1,"_components":[{"__id__":5}],"_contentSize":{"__type__":"cc.Size","width":1560,"height":720},"_scale":{"__type__":"cc.Vec3","x":1.5,"y":1.5,"z":1}},{"__type__":"cc.Sprite","node":{"__id__":4},"_materials":[{"__uuid__":"ecpdLyjvZBwrvm+cedCcQy"}],"_spriteFrame":{"__uuid__":"2dOZlFUU1B2Z71Ws8aHSo9"}},{"__type__":"cc.Node","_name":"label loading","_parent":{"__id__":2},"_components":[{"__id__":7}],"_contentSize":{"__type__":"cc.Size","width":283.36,"height":75.6}},{"__type__":"cc.Label","node":{"__id__":6},"_materials":[{"__uuid__":"ecpdLyjvZBwrvm+cedCcQy"}],"_useOriginalSize":false,"_string":"ĐANG TẢI","_N$string":"ĐANG TẢI","_fontSize":60,"_lineHeight":60,"_N$verticalAlign":1},{"__type__":"cc.Node","_name":"LoadGameController","_parent":{"__id__":1},"_components":[{"__type__":"89e3bULnINAO5LStk1zefH7","node":{"__id__":8},"listBG":[{"__uuid__":"2dOZlFUU1B2Z71Ws8aHSo9"},{"__uuid__":"admVMM/fhBN6F42fnvMck2"},{"__uuid__":"325t4+uABNVaLzAobZ0MDy"},{"__uuid__":"0bO1rUa4BNjo6JmmJ+7ea5"},{"__uuid__":"04yOlXRSBLs4CpzBnFtJqX"}],"background":{"__id__":5},"loadingLabel":{"__id__":7}}],"_id":"e9e/uY8j9H1ahk4+HzS1vY"}],{"__type__":"cc.SpriteFrame","content":{"name":"bg-2","texture":"2dcD0zEudE4qjABSQaU9Lk","rect":[0,0,1560,720],"offset":[0,0],"originalSize":[1560,720],"capInsets":[0,0,0,0]}}]